[
    {"name": "China", "population": 1366450000, "capital" : "Beijing", "gdp": 1025},
    {"name": "India", "population": 1248610000, "capital" : "New Delhi", "gdp": 12587},
    {"name": "USA", "population": 318651000, "capital" : "Wasingaton DC", "gdp": 10236},
    {"name": "Indonesia", "population": 252164800, "capital" : "Jakarta", "gdp": 2587},
    {"name": "Pakistan", "population": 188020000, "capital" : "Islamabad", "gdp": 13589},
    {"name": "Sri Lanka", "population": 178517000, "capital" : "Colombo", "gdp": 16244}
]